total_rows,ai_positive_rows,ai_positive_rate,avg_ai_prob,avg_hybrid_sentiment
32578,4112,0.12622014856651728,0.13719102339056932,-0.2759099714063707
