sentiment_category,0,1
Negative,21537.799557983915,3111.2004420160843
Neutral,3194.5391368408127,461.46086315918717
Positive,3733.6613051752715,539.3386948247283
