chi2,p_value,dof,n,cramers_v
6.83076444648624,0.03286384297594878,2,32578,0.014480129475425686
