term,coef,std_err,z_or_t,p_value,ci_lower,ci_upper
const,0.1371910233905693,0.0015992432921841263,85.78496096313408,0.0,0.13405656413537115,0.14032548264576744
hybrid_sentiment_z,-0.00468831419623159,0.00157732365653172,-2.972322247762666,0.0029555629433512267,-0.0077798117549967875,-0.0015968166374663922
shannon_entropy_z,0.002559506804762387,0.0017080500564455316,1.4984963673071414,0.13400433574509046,-0.0007882097896624615,0.005907223399187235
bigram_diversity_z,-0.038883836025757026,0.0019899971283342055,-19.539644289992548,5.0533144997014524e-85,-0.0427841587266302,-0.03498351332488385
