term,vif
const,2.7473660181230417
hf_sentiment,2.297944488747186
hybrid_sentiment,2.297944488747185
